4,it has that rare quality of being able to creep the living hell out of you ...
4,"a fascinating , bombshell documentary that should shame americans , regardless of whether or not ultimate blame finally lies with kissinger ."
4,an engrossing portrait of a man whose engaging manner and flamboyant style made him a truly larger-than-life character .
4,"see scratch for the history , see scratch for the music , see scratch for a lesson in scratching , but , most of all , see it for the passion ."
4,"... a spoof comedy that carries its share of laughs -- sometimes a chuckle , sometimes a guffaw and , to my great pleasure , the occasional belly laugh ."
4,"for all its visual panache and compelling supporting characters , the heart of the film rests in the relationship between sullivan and his son ."
4,"( a ) wonderfully loopy tale of love , longing , and voting ."
4,intelligent and moving .
4,"finely crafted , finely written , exquisitely performed"
4,"because the film deliberately lacks irony , it has a genuine dramatic impact ; it plays like a powerful 1957 drama we 've somehow never seen before ."
4,"but the performances of pacino , williams , and swank keep the viewer wide-awake all the way through ."
4,"though in some ways similar to catherine breillat 's fat girl , rain is the far superior film ."
4,"brilliantly written and well-acted , yellow asphalt is an uncompromising film ."
4,a fanciful drama about napoleon 's last years and his surprising discovery of love and humility .
4,"remarkable for its excellent storytelling , its economical , compressed characterisations and for its profound humanity , it 's an adventure story and history lesson all in one ."
4,"deep intelligence and a warm , enveloping affection breathe out of every frame ."
1,the film 's hero is a bore and his innocence soon becomes a questionable kind of inexcusable dumb innocence .
1,it 's bedeviled by labored writing and slack direction .
1,"proves a lovely trifle that , unfortunately , is a little too in love with its own cuteness ."
1,low comedy does n't come much lower .
1,"russell lacks the visual panache , the comic touch , and perhaps the budget of sommers 's title-bout features ."
1,"behan 's memoir is great material for a film -- rowdy , brawny and lyrical in the best irish sense -- but sheridan has settled for a lugubrious romance ."
1,seems like something american and european gay movies were doing 20 years ago .
1,"the idea is more interesting than the screenplay , which lags badly in the middle and lurches between not-very-funny comedy , unconvincing dramatics and some last-minute action strongly reminiscent of run lola run ."
1,"donovan ... squanders his main asset , jackie chan , and fumbles the vital action sequences ."
1,knockaround guys plays like a student film by two guys who desperately want to be quentin tarantino when they grow up .
1,"... instead go rent `` shakes the clown '' , a much funnier film with a similar theme and an equally great robin williams performance ."
1,"it 's mildly sentimental , unabashedly consumerist ... studiously inoffensive and completely disposable ."
1,"ice cube is n't quite out of ripe screwball ideas , but friday after next spreads them pretty thin ."
1,"if you 're not a fan , it might be like trying to eat brussels sprouts ."
1,"as it stands , crocodile hunter has the hurried , badly cobbled look of the 1959 godzilla , which combined scenes of a japanese monster flick with canned shots of raymond burr commenting on the monster 's path of destruction ."
1,"a baffling subplot involving smuggling drugs inside danish cows falls flat , and if you 're going to alter the bard 's ending , you 'd better have a good alternative ."
3,... a funny yet dark and seedy clash of cultures and generations .
3,"fessenden has nurtured his metaphors at the expense of his narrative , but he does display an original talent ."
3,"there are n't many conclusive answers in the film , but there is an interesting story of pointed personalities , courage , tragedy and the little guys vs. the big guys ."
3,poignant if familiar story of a young person suspended between two cultures .
3,"k-19 will not go down in the annals of cinema as one of the great submarine stories , but it is an engaging and exciting narrative of man confronting the demons of his own fear and paranoia ."
3,"like the rugrats movies , the wild thornberrys movie does n't offer much more than the series , but its emphasis on caring for animals and respecting other cultures is particularly welcome ."
3,"it 's an ambitious film , and as with all ambitious films , it has some problems ."
3,a hypnotic cyber hymn and a cruel story of youth culture .
3,but that they are doing it is thought-provoking .
3,"bogdanovich puts history in perspective and , via kirsten dunst 's remarkable performance , he showcases davies as a young woman of great charm , generosity and diplomacy ."
3,those eternally devoted to the insanity of black will have an intermittently good time .
3,"instead of simply handling conventional material in a conventional way , secretary takes the most unexpected material and handles it in the most unexpected way ."
3,"the movie is clever , offbeat and even gritty enough to overcome my resistance ."
3,"a solid , psychological action film from hong kong ."
3,"an overly familiar scenario is made fresh by an intelligent screenplay and gripping performances in this low-budget , video-shot , debut indie effort ."
3,"khouri manages , with terrific flair , to keep the extremes of screwball farce and blood-curdling family intensity on one continuum ."
2,` tobey maguire is a poster boy for the geek generation . '
2,"sometimes entertaining , sometimes indulgent -- but never less than pure wankery ."
2,for free .
2,handsome and sincere but slightly awkward in its combination of entertainment and evangelical boosterism .
2,"` men in black ii creates a new threat for the mib , but recycles the same premise ."
2,"the santa clause 2 is a barely adequate babysitter for older kids , but i 've got to give it thumbs down ."
2,stuart 's poor-me persona needs a whole bunch of snowball 's cynicism to cut through the sugar coating .
2,exposing the ways we fool ourselves is one hour photo 's real strength .
2,it may play well as a double feature with mainstream foreign mush like my big fat greek wedding
2,"you see robin williams and psycho killer , and you think , hmmmmm ."
2,the script feels as if it started to explore the obvious voyeuristic potential of ` hypertime ' but then backed off when the producers saw the grosses for spy kids .
2,"a serviceable euro-trash action extravaganza , with a decent sense of humor and plenty of things that go boom -- handguns , bmws and seaside chateaus ."
2,... a trashy little bit of fluff stuffed with enjoyable performances and a bewildering sense of self-importance
2,but it does n't need gangs of new york .
2,would you laugh if a tuba-playing dwarf rolled down a hill in a trash can ?
2,diverting french comedy in which a husband has to cope with the pesky moods of jealousy .
0,movies like high crimes flog the dead horse of surprise as if it were an obligation .
0,"a depraved , incoherent , instantly disposable piece of hackery ."
0,"this hastily mounted production exists only to capitalize on hopkins ' inclination to play hannibal lecter again , even though harris has no immediate inclination to provide a fourth book ."
0,the most horrific movie experience i 've had since `` ca n't stop the music . ''
0,"the movie is concocted and carried out by folks worthy of scorn , and the nicest thing i can say is that i ca n't remember a single name responsible for it ."
0,"spreads itself too thin , leaving these actors , as well as the members of the commune , short of profound characterizations"
0,"it ends up being neither , and fails at both endeavors ."
0,"... a plotline that 's as lumpy as two-day old porridge ... the filmmakers ' paws , sad to say , were all over this `` un-bear-able '' project !"
0,"starts out strongly before quickly losing its focus , point and purpose in a mess of mixed messages , over-blown drama and bruce willis with a scar ."
0,"... unspeakably , unbearably dull , featuring reams of flatly delivered dialogue and a heroine who comes across as both shallow and dim-witted ."
0,the threat implied in the title pokémon 4ever is terrifying -- like locusts in a horde these things will keep coming .
0,the exclamation point seems to be the only bit of glee you 'll find in this dreary mess .
0,the attempt to build up a pressure cooker of horrified awe emerges from the simple fact that the movie has virtually nothing to show .
0,an incredibly irritating comedy about thoroughly vacuous people ... manages to embody the worst excesses of nouvelle vague without any of its sense of fun or energy .
0,so bland and utterly forgettable that it might as well have been titled generic jennifer lopez romantic comedy .
0,"... no charm , no laughs , no fun , no reason to watch ."
