4,an effortlessly accomplished and richly resonant work .
4,"a naturally funny film , home movie makes you crave chris smith 's next movie ."
4,"writer\/director david caesar ladles on the local flavour with a hugely enjoyable film about changing times , clashing cultures and the pleasures of a well-made pizza ."
4,"vividly conveys the passion , creativity , and fearlessness of one of mexico 's most colorful and controversial artists -- a captivating drama that will speak to the nonconformist in us all ."
4,"whatever one makes of its political edge , this is beautiful filmmaking from one of french cinema 's master craftsmen ."
4,"a refreshingly realistic , affectation-free coming-of-age tale ."
4,"like vardalos and corbett , who play their roles with vibrant charm , the film , directed by joel zwick , is heartfelt and hilarious in ways you ca n't fake ."
4,"enjoyably fast-moving , hard-hitting documentary ."
4,he does this so well you do n't have the slightest difficulty accepting him in the role .
4,"warm in its loving yet unforgivingly inconsistent depiction of everyday people , relaxed in its perfect quiet pace and proud in its message ."
4,raimi crafted a complicated hero who is a welcome relief from the usual two-dimensional offerings .
4,mike leigh populates his movie with a wonderful ensemble cast of characters that bring the routine day to day struggles of the working class to life
4,what a bewilderingly brilliant and entertaining movie this is .
4,"if you ever wondered what it would be like to be smack in the middle of a war zone armed with nothing but a camera , this oscar-nominated documentary takes you there ."
4,the ingenuity that parker displays in freshening the play is almost in a class with that of wilde himself .
4,this is an elegantly balanced movie -- every member of the ensemble has something fascinating to do -- that does n't reveal even a hint of artifice .
2,a puzzling experience .
2,now he makes them .
2,it did n't go straight to video .
2,both the crime story and the love story are unusual .
2,would you laugh if a tuba-playing dwarf rolled down a hill in a trash can ?
2,"plods along , minus the twisted humor and eye-popping visuals that have made miike ... a cult hero ."
2,pumpkin struts about with `` courage '' pinned to its huckster lapel while a yellow streak a mile wide decorates its back .
2,"pull ( s ) off the rare trick of recreating not only the look of a certain era , but also the feel ."
2,`` on guard ! ''
2,the dark and bittersweet twist feels strange as things turn nasty and tragic during the final third of the film .
2,"`` the kid stays in the picture '' is a great story , terrifically told by the man who wrote it but this cliff notes edition is a cheat ."
2,"( screenwriter ) pimental took the farrelly brothers comedy and feminized it , but it is a rather poor imitation ."
2,the movie is obviously a labour of love so howard appears to have had free rein to be as pretentious as he wanted .
2,a crisply made movie that is no more than mildly amusing .
2,"it arrives with an impeccable pedigree , mongrel pep , and almost indecipherable plot complications ."
2,it is a movie about passion .
1,"though her fans will assuredly have their funny bones tickled , others will find their humor-seeking dollars best spent elsewhere ."
1,seagal is painfully foolish in trying to hold onto what 's left of his passe ' chopsocky glory .
1,it 's impossible to even categorize this as a smutty guilty pleasure .
1,"like a pack of dynamite sticks , built for controversy ."
1,"ultimately , sarah 's dedication to finding her husband seems more psychotic than romantic , and nothing in the movie makes a convincing case that one woman 's broken heart outweighs all the loss we witness ."
1,the good girl is a film in which the talent is undeniable but the results are underwhelming .
1,"the kids in the audience at the preview screening seemed bored , cheering the pratfalls but little else ; their parents , wise folks that they are , read books ."
1,the satire is just too easy to be genuinely satisfying .
1,it 's one thing to read about or rail against the ongoing - and unprecedented - construction project going on over our heads .
1,been there done that .
1,a soap-opera quality twist in the last 20 minutes ... almost puts the kibosh on what is otherwise a sumptuous work of b-movie imagination .
1,the pool drowned me in boredom .
1,not once does it come close to being exciting .
1,exploitative and largely devoid of the depth or sophistication that would make watching such a graphic treatment of the crimes bearable .
1,"too campy to work as straight drama and too violent and sordid to function as comedy , vulgar is , truly and thankfully , a one-of-a-kind work ."
1,"this is as lax and limp a comedy as i 've seen in a while , a meander through worn-out material ."
0,"tartakovsky 's team has some freakish powers of visual charm , but the five writers slip into the modern rut of narrative banality ."
0,it 's splash without the jokes .
0,"... a complete shambles of a movie so sloppy , so uneven , so damn unpleasant that i ca n't believe any viewer , young or old , would have a good time here ."
0,a ragbag of cliches .
0,highly uneven and inconsistent ... margarita happy hour kinda resembles the el cheapo margaritas served within .
0,most of the movie is so deadly dull that watching the proverbial paint dry would be a welcome improvement .
0,"the film 's lack of personality permeates all its aspects -- from the tv movie-esque , affected child acting to the dullest irish pub scenes ever filmed ."
0,"soulless and -- even more damning -- virtually joyless , xxx achieves near virtuosity in its crapulence ."
0,"a depressingly retrograde , ` post-feminist ' romantic comedy that takes an astonishingly condescending attitude toward women ."
0,this is one baaaaaaaaad movie .
0,an annoying orgy of excess and exploitation that has no point and goes nowhere .
0,"worthless , from its pseudo-rock-video opening to the idiocy of its last frames ."
0,"once the expectation of laughter has been quashed by whatever obscenity is at hand , even the funniest idea is n't funny ."
0,done in mostly by a weak script that ca n't support the epic treatment .
0,dramatically lackluster .
0,staggeringly dreadful romance .
3,ken russell would love this .
3,( gayton 's script ) telegraphs every discovery and layers on the gloss of convenience .
3,"though the film is well-intentioned , one could rent the original and get the same love story and parable ."
3,canada 's arctic light shines bright on this frozen tundra soap opera that breathes extraordinary life into the private existence of the inuit people .
3,"the underworld urban angst is derivative of martin scorsese 's taxi driver and goodfellas , but this film speaks for itself ."
3,director claude chabrol has become the master of innuendo .
3,"angela gheorghiu as famous prima donna floria tosca , roberto alagna as her lover mario cavaradossi , and ruggero as the villainous , lecherous police chief scarpia , all sing beautifully and act adequately ."
3,that old adage about women being unknowable gets an exhilarating new interpretation in morvern callar .
3,"that ` alabama ' manages to be pleasant in spite of its predictability and occasional slowness is due primarily to the perkiness of witherspoon ( who is always a joy to watch , even when her material is not first-rate ) ..."
3,"a journey spanning nearly three decades of bittersweet camaraderie and history , in which we feel that we truly know what makes holly and marina tick , and our hearts go out to them as both continue to negotiate their imperfect , love-hate relationship ."
3,"terrific as nadia , a russian mail-order bride who comes to america speaking not a word of english , it 's kidman who holds the film together with a supremely kittenish performance that gradually accumulates more layers ."
3,"if villainous vampires are your cup of blood , blade 2 is definitely a cut above the rest ."
3,"the movie is hardly a masterpiece , but it does mark ms. bullock 's best work in some time ."
3,... a guiltless film for nice evening out .
3,"the fluid motion is astounding on any number of levels -- including the physical demands made on büttner -- and it implies in its wake the intractable , irreversible flow of history ."
3,discursive but oddly riveting documentary .
